image_name,classification
1008566138_6927679c8a.jpg,[[0. 0. 0. 1. 0.]]
1022552002_2b93faf9e7_n.jpg,[[0. 0. 0. 1. 0.]]
1022552036_67d33d5bd8_n.jpg,[[0. 0. 0. 1. 0.]]
10386503264_e05387e1f7_m.jpg,[[0. 0. 0. 1. 0.]]
10386522775_4f8c616999_m.jpg,[[0. 0. 0. 0. 1.]]
10386525005_fd0b7d6c55_n.jpg,[[0. 0. 0. 1. 0.]]
10386525695_2c38fea555_n.jpg,[[0. 0. 0. 0. 1.]]
10386540106_1431e73086_m.jpg,[[0. 0. 0. 1. 0.]]
10386540696_0a95ee53a8_n.jpg,[[0. 0. 0. 0. 1.]]
10386702973_e74a34c806_n.jpg,[[0. 0. 0. 1. 0.]]
1043442695_4556c4c13d_n.jpg,[[0. 0. 0. 1. 0.]]
1044296388_912143e1d4.jpg,[[0. 0. 0. 1. 0.]]
10541580714_ff6b171abd_n.jpg,[[0. 0. 0. 1. 0.]]
1064662314_c5a7891b9f_m.jpg,[[0. 0. 0. 1. 0.]]
10862313945_e8ed9202d9_m.jpg,[[0. 0. 0. 1. 0.]]
11881770944_22b4f2f8f6_n.jpg,[[0. 0. 0. 0. 1.]]
1217254584_4b3028b93d.jpg,[[0. 0. 0. 1. 0.]]
12282924083_fb80aa17d4_n.jpg,[[0. 0. 0. 1. 0.]]
12323859023_447387dbf0_n.jpg,[[0. 0. 0. 1. 0.]]
1240624822_4111dde542.jpg,[[0. 0. 0. 1. 0.]]
1240625276_fb3bd0c7b1.jpg,[[0. 0. 0. 1. 0.]]
1240626292_52cd5d7fb1_m.jpg,[[0. 0. 0. 1. 0.]]
1244774242_25a20d99a9.jpg,[[0. 0. 0. 1. 0.]]
12471290635_1f9e3aae16_n.jpg,[[0. 0. 0. 1. 0.]]
12471441503_d188b5f31a_m.jpg,[[0. 0. 0. 1. 0.]]
12471443383_b71e7a7480_m.jpg,[[0. 0. 0. 1. 0.]]
12471791574_bb1be83df4.jpg,[[0. 0. 0. 1. 0.]]
1267876087_a1b3c63dc9.jpg,[[0. 0. 0. 1. 0.]]
127192624_afa3d9cb84.jpg,[[0. 0. 0. 1. 0.]]
1297092593_e573c0a3d6.jpg,[[0. 0. 0. 1. 0.]]
13095941995_9a66faa713_n.jpg,[[0. 0. 0. 1. 0.]]
13096076565_72c2c60875_n.jpg,[[0. 0. 0. 1. 0.]]
13117907313_86c99c6441.jpg,[[0. 0. 0. 1. 0.]]
1314584013_fe935fdeb1_n.jpg,[[0. 0. 0. 1. 0.]]
13568621944_d575324b8c_n.jpg,[[0. 0. 0. 1. 0.]]
13648603305_1268eda8b7_n.jpg,[[0. 0. 0. 1. 0.]]
1379256773_bb2eb0d95b_n.jpg,[[0. 0. 0. 1. 0.]]
13959937305_2f5c532886_n.jpg,[[0. 0. 0. 1. 0.]]
14121915990_4b76718077_m.jpg,[[0. 0. 0. 1. 0.]]
14144522269_bc20029375_m.jpg,[[0. 0. 0. 1. 0.]]
1419608016_707b887337_n.jpg,[[0. 0. 0. 1. 0.]]
14244273988_a7484f18b7_m.jpg,[[0. 0. 0. 1. 0.]]
14244410747_22691ece4a_n.jpg,[[0. 0. 0. 1. 0.]]
14266917699_91b207888e.jpg,[[0. 0. 0. 1. 0.]]
14348961225_09bd803317_n.jpg,[[0. 0. 0. 1. 0.]]
14397276020_49f9423614.jpg,[[0. 0. 0. 1. 0.]]
14460075029_5cd715bb72_m.jpg,[[0. 0. 0. 1. 0.]]
14460081668_eda8795693_m.jpg,[[0. 0. 0. 1. 0.]]
14472246629_72373111e6_m.jpg,[[0. 0. 0. 1. 0.]]
145303599_2627e23815_n.jpg,[[0. 0. 0. 1. 0.]]
14623719696_1bb7970208_n.jpg,[[0. 0. 0. 1. 0.]]
14623720226_aeeac66e0a_n.jpg,[[0. 0. 0. 1. 0.]]
14646279002_9cdf97be97_n.jpg,[[0. 0. 0. 1. 0.]]
14646280372_dd50be16e4_n.jpg,[[0. 0. 0. 1. 0.]]
14646281372_5f13794b47.jpg,[[0. 0. 0. 1. 0.]]
14646282112_447cc7d1f9.jpg,[[0. 0. 0. 1. 0.]]
14646283472_50a3ae1395.jpg,[[0. 0. 0. 1. 0.]]
14678298676_6db8831ee6_m.jpg,[[0. 0. 0. 1. 0.]]
14698136411_23bdcff7bf_n.jpg,[[0. 0. 0. 1. 0.]]
14741812319_e1d32ffb84_n.jpg,[[0. 0. 0. 1. 0.]]
14741813010_5d44e33088_n.jpg,[[0. 0. 0. 1. 0.]]
14741813110_94964c39e2_n.jpg,[[0. 0. 0. 1. 0.]]
14741866338_bdc8bfc8d5_n.jpg,[[0. 0. 0. 1. 0.]]
14741907467_fab96f3b2b_n.jpg,[[0. 0. 0. 1. 0.]]
147804446_ef9244c8ce_m.jpg,[[0. 0. 0. 1. 0.]]
14814264272_4b39a102f9_n.jpg,[[0. 0. 0. 1. 0.]]
1484598527_579a272f53.jpg,[[0.0000000e+00 1.0000000e+00 0.0000000e+00 3.8208006e-11 0.0000000e+00]]
1485456230_58d8e45e88.jpg,[[0. 0. 0. 1. 0.]]
14858674096_ed0fc1a130.jpg,[[0. 0. 0. 1. 0.]]
14881304632_54a9dfb8be.jpg,[[0. 0. 0. 1. 0.]]
14889392928_9742aed45b_m.jpg,[[0. 0. 0. 1. 0.]]
14889779907_3d401bbac7_m.jpg,[[0. 0. 0. 1. 0.]]
14901528533_ac1ce09063.jpg,[[0. 0. 0. 1. 0.]]
14921668662_3ffc5b9db3_n.jpg,[[0. 0. 0. 1. 0.]]
14925397351_c7f209d804_n.jpg,[[0. 0. 0. 1. 0.]]
14925397651_97dcddc383_n.jpg,[[0. 0. 0. 1. 0.]]
14925397761_46ecfa24e0.jpg,[[0. 0. 0. 1. 0.]]
14925398301_55a180f919_n.jpg,[[0. 0. 0. 1. 0.]]
14925398441_107f3e0304_n.jpg,[[0. 0. 0. 1. 0.]]
14928117202_139d2142cc_n.jpg,[[0. 0. 0. 1. 0.]]
14932787983_d6e05f2434_m.jpg,[[0. 0. 0. 1. 0.]]
14955545254_324cd4ee75.jpg,[[0. 0. 0. 1. 0.]]
14969295739_c132a08663_n.jpg,[[0. 0. 0. 1. 0.]]
15026703621_e15e9d55f0_n.jpg,[[0. 0. 0. 1. 0.]]
15030133005_9728102622_z.jpg,[[0. 0. 0. 1. 0.]]
15042911059_b6153d94e7_n.jpg,[[0. 0. 0. 1. 0.]]
15043962658_dcf9dff5e9_n.jpg,[[0. 0. 0. 1. 0.]]
15054750690_198b6ab0f2_n.jpg,[[1. 0. 0. 0. 0.]]
15054751430_5af76f6096_n.jpg,[[0. 0. 0. 1. 0.]]
15054752730_fcf54d475e_m.jpg,[[0. 0. 0. 1. 0.]]
15054753070_4f6ae0e763_m.jpg,[[0. 0. 0. 1. 0.]]
15054864058_2edca122a9_n.jpg,[[0. 0. 0. 1. 0.]]
15054864508_0334b892be_m.jpg,[[0. 0. 0. 1. 0.]]
15054865217_e398d0dc9f_n.jpg,[[0. 0. 0. 1. 0.]]
15054865768_2cc87ac9d4_m.jpg,[[0. 0. 0. 1. 0.]]
15054866658_c1a6223403_m.jpg,[[0. 0. 0. 1. 0.]]
15054866898_60ee50ec6b_n.jpg,[[0. 0. 0. 1. 0.]]
15066430311_fb57fa92b0_m.jpg,[[0. 0. 0. 1. 0.]]
15069459615_7e0fd61914_n.jpg,[[0. 0. 0. 1. 0.]]
15072973261_73e2912ef2_n.jpg,[[0. 0. 0. 1. 0.]]
15081164641_45a7b92b3a_m.jpg,[[0. 0. 0. 1. 0.]]
15108515192_f686dce398_n.jpg,[[0. 0. 0. 1. 0.]]
15118243470_7e0a7f159c_n.jpg,[[0. 0. 0. 1. 0.]]
15118397087_bfb7ea70d5_n.jpg,[[0.0000000e+00 0.0000000e+00 0.0000000e+00 2.7209875e-24 1.0000000e+00]]
15122112402_cafa41934f.jpg,[[0. 0. 0. 1. 0.]]
15122622946_1707cfd8a5_n.jpg,[[0. 0. 0. 1. 0.]]
15122871130_6a7d0b4372_n.jpg,[[0. 0. 0. 1. 0.]]
15145607875_e87204d78c_n.jpg,[[0. 0. 0. 1. 0.]]
151898652_b5f1c70b98_n.jpg,[[0. 0. 0. 1. 0.]]
15191613243_82ee8e0fe8.jpg,[[0. 0. 0. 1. 0.]]
15207507116_8b7f894508_m.jpg,[[0. 0. 0. 1. 0.]]
15218421476_9d5f38e732_m.jpg,[[0. 0. 0. 1. 0.]]
15218871222_c104032ca1.jpg,[[0. 0. 0. 1. 0.]]
15238348741_c2fb12ecf2_m.jpg,[[0. 0. 0. 1. 0.]]
15240466871_ec45b65554_m.jpg,[[0. 0. 0. 1. 0.]]
15243175532_ac28c48e14_m.jpg,[[0. 0. 0. 1. 0.]]
15266715291_dfa3f1d49f_n.jpg,[[0. 0. 0. 1. 0.]]
15380755137_a2e67839ab_m.jpg,[[0. 0. 0. 1. 0.]]
15443139789_5318389b8c_n.jpg,[[0. 0. 0. 1. 0.]]
15460162172_014bcce403.jpg,[[0. 0. 0. 1. 0.]]
15472217046_2699b25584.jpg,[[0. 0. 0. 1. 0.]]
15493195788_60530f2398_m.jpg,[[0. 0. 0. 1. 0.]]
15495578821_92c6d14252_n.jpg,[[0. 0. 0. 1. 0.]]
15495579081_661cb260d1_n.jpg,[[0. 0. 0. 1. 0.]]
15683877266_42e0fe3782_n.jpg,[[0. 0. 0. 0. 1.]]
15745084272_36402f5ee6_n.jpg,[[0. 0. 0. 1. 0.]]
15839183375_49bf4f75e8_m.jpg,[[0. 0. 0. 1. 0.]]
1596293240_2d5b53495a_m.jpg,[[0. 0. 0. 1. 0.]]
15973657966_d6f6005539_n.jpg,[[0. 0. 0. 1. 0.]]
16143151468_4f3c033e33.jpg,[[0. 0. 0. 1. 0.]]
16153267338_2f39906bcb_n.jpg,[[0. 0. 0. 1. 0.]]
164668737_aeab0cb55e_n.jpg,[[0. 0. 0. 1. 0.]]
164670176_9f5b9c7965.jpg,[[0. 0. 0. 1. 0.]]
164670455_29d8e02bbd_n.jpg,[[0. 0. 0. 1. 0.]]
164671753_ab36d9cbb7_n.jpg,[[0. 0. 0. 1. 0.]]
164672339_f2b5b164f6.jpg,[[0. 0. 0. 1. 0.]]
16616096711_12375a0260_n.jpg,[[0. 0. 0. 1. 0.]]
16656015339_2ccb7cd18d.jpg,[[0. 0. 0. 1. 0.]]
16832961488_5f7e70eb5e_n.jpg,[[0. 0. 0. 1. 0.]]
16967372357_15b1b9a812_n.jpg,[[0. 0. 0. 1. 0.]]
16975010069_7afd290657_m.jpg,[[0. 0. 0. 1. 0.]]
16988605969_570329ff20_n.jpg,[[0. 0. 0. 1. 0.]]
17148843706_df148301ac_n.jpg,[[0. 0. 0. 1. 0.]]
1715303025_e7065327e2.jpg,[[0. 0. 0. 1. 0.]]
17433282043_441b0a07f4_n.jpg,[[0. 0. 0. 1. 0.]]
175638423_058c07afb9.jpg,[[0. 0. 0. 1. 0.]]
1788133737_b1133d1aa7.jpg,[[0. 0. 0. 1. 0.]]
18097401209_910a46fae1_n.jpg,[[0. 0. 0. 1. 0.]]
18237156988_9ceb46a8de_n.jpg,[[0. 0. 0. 1. 0.]]
18237215308_a158d49f28_n.jpg,[[0. 0. 0. 1. 0.]]
18250039435_7654bc11be_n.jpg,[[0. 0. 0. 1. 0.]]
184682095_46f8607278.jpg,[[0. 0. 0. 1. 0.]]
184682320_73ccf74710.jpg,[[0. 0. 0. 1. 0.]]
184682506_8a9b8c662d.jpg,[[0. 0. 0. 1. 0.]]
184682652_c927a49226_m.jpg,[[0. 0. 0. 1. 0.]]
184682920_97ae41ce60_m.jpg,[[0. 0. 0. 1. 0.]]
184683023_737fec5b18.jpg,[[0. 0. 0. 1. 0.]]
18766965343_9f42d4bedc_m.jpg,[[0. 0. 0. 1. 0.]]
1880606744_23e3dc4f6b_n.jpg,[[0. 0. 0. 1. 0.]]
18828277053_1493158b28.jpg,[[0. 0. 0. 1. 0.]]
18828283553_e46504ae38.jpg,[[0. 0. 0. 1. 0.]]
18843967474_9cb552716b.jpg,[[0. 0. 0. 1. 0.]]
18972803569_1a0634f398_m.jpg,[[0. 0. 0. 1. 0.]]
19349582128_68a662075e_n.jpg,[[0. 0. 0. 0. 1.]]
19359539074_d7e32e6616_n.jpg,[[0. 0. 0. 1. 0.]]
193874852_fb633d8d00_n.jpg,[[0. 0. 0. 1. 0.]]
193878348_43571127b9_n.jpg,[[0. 0. 0. 1. 0.]]
19442589512_e733cfea0f.jpg,[[0. 0. 0. 1. 0.]]
19453165201_2aa747e0bf.jpg,[[0. 0. 0. 1. 0.]]
19504937128_a4ae90fcbd_m.jpg,[[0. 0. 0. 0. 1.]]
19508264965_d1dfb565ea_n.jpg,[[0. 0. 0. 1. 0.]]
19519101829_46af0b4547_m.jpg,[[0. 0. 0. 1. 0.]]
19595718862_c68896370c_m.jpg,[[0. 0. 0. 1. 0.]]
19697910486_0086d893a2.jpg,[[0. 0. 0. 1. 0.]]
197011740_21825de2bf.jpg,[[0. 0. 0. 1. 0.]]
19710076021_f5bb162540.jpg,[[0. 0. 0. 1. 0.]]
19710925313_31682fa22b_m.jpg,[[0. 0. 0. 1. 0.]]
19756232959_17cde3b9f0_m.jpg,[[0. 0. 0. 1. 0.]]
19784656639_cd7f0a4a26_m.jpg,[[0. 0. 0. 1. 0.]]
19915160340_ec904edbdf_n.jpg,[[0. 0. 0. 1. 0.]]
200011914_93f57ed68b.jpg,[[0. 0. 0. 1. 0.]]
20022771089_3cc7e5086d_m.jpg,[[1. 0. 0. 0. 0.]]
200288046_0032f322ff_n.jpg,[[0. 0. 0. 1. 0.]]
200557977_bf24d9550b.jpg,[[0. 0. 0. 1. 0.]]
200557979_a16112aac1_n.jpg,[[0. 0. 0. 1. 0.]]
200557981_f800fa1af9.jpg,[[0. 0. 0. 1. 0.]]
200557983_10a88672fc.jpg,[[0. 0. 0. 1. 0.]]
20078317834_6e0983c0f5_n.jpg,[[0. 0. 0. 1. 0.]]
20078409301_aa8061bd0b_n.jpg,[[0. 0. 0. 1. 0.]]
20112366233_d6cb3b6e15_n.jpg,[[0. 0. 0. 1. 0.]]
20148493928_9f75a99783.jpg,[[0. 0. 0. 1. 0.]]
20156280765_a6baea3176.jpg,[[0. 0. 0. 1. 0.]]
20171662239_f69b6c12bd_n.jpg,[[0. 0. 0. 1. 0.]]
201809908_0ef84bb351.jpg,[[0. 0. 0. 1. 0.]]
20183028616_beb937e75c_m.jpg,[[0. 0. 0. 1. 0.]]
20183071136_c297e74fcc_m.jpg,[[0. 0. 0. 1. 0.]]
20258015499_93b9951800_m.jpg,[[0. 0. 0. 1. 0.]]
20342824594_9740b7b160.jpg,[[0. 0. 0. 1. 0.]]
20344282483_05abb0b837.jpg,[[0. 0. 0. 1. 0.]]
20344366953_44fb51051b.jpg,[[0. 0. 0. 1. 0.]]
20406385204_469f6749e2_n.jpg,[[0. 0. 0. 1. 0.]]
20407896403_a50fef58ac_n.jpg,[[0. 0. 0. 1. 0.]]
20410533613_56da1cce7c.jpg,[[0. 0. 0. 1. 0.]]
20410697750_c43973d1eb.jpg,[[0. 0. 0. 1. 0.]]
20481273479_d459834a3e_n.jpg,[[0. 0. 0. 1. 0.]]
20621698991_dcb323911d.jpg,[[0. 0. 0. 1. 0.]]
20658775992_1619cd0a9b_n.jpg,[[0. 0. 0. 1. 0.]]
20667988875_6e73ac2879_n.jpg,[[0. 0. 0. 1. 0.]]
2067882323_8de6623ffd.jpg,[[0. 0. 0. 1. 0.]]
20704967595_a9c9b8d431.jpg,[[0. 0. 0. 1. 0.]]
20753711039_0b11d24b50_n.jpg,[[0. 0. 0. 1. 0.]]
20777358950_c63ea569a1.jpg,[[0. 0. 0. 1. 0.]]
20777375650_ef854bf645.jpg,[[0. 0. 0. 1. 0.]]
20812318934_82f10c45a1_n.jpg,[[0. 0. 0. 1. 0.]]
20871601265_daa4be4291_n.jpg,[[0. 0. 0. 1. 0.]]
20905163782_312e2c3bda_n.jpg,[[0. 0. 0. 1. 0.]]
20938724084_7fe6bf87ae_n.jpg,[[0. 0. 0. 1. 0.]]
20965412955_2c640b13bd.jpg,[[0. 0. 0. 1. 0.]]
20972862281_5367f4af88.jpg,[[0. 0. 0. 1. 0.]]
20972866151_e6a928b00a.jpg,[[0. 0. 0. 1. 0.]]
210076535_80951bc5d5.jpg,[[0. 0. 0. 1. 0.]]
21134000558_d7d6c9b1fe_n.jpg,[[0. 0. 0. 1. 0.]]
21349789961_18ba1af5b7_n.jpg,[[0. 0. 0. 1. 0.]]
21374127408_5ffbe87bb2.jpg,[[0. 0. 0. 1. 0.]]
21518663809_3d69f5b995_n.jpg,[[0. 0. 0. 1. 0.]]
215798352_184d8040d1.jpg,[[0. 0. 0. 1. 0.]]
215798354_429de28c2d.jpg,[[0. 0. 0. 1. 0.]]
215798357_3f4bfa27b7.jpg,[[0. 0. 0. 1. 0.]]
21728822928_9f6817325a_n.jpg,[[0. 0. 0. 1. 0.]]
21796333524_38fc8e0ab5_n.jpg,[[0. 0. 0. 1. 0.]]
21821266773_7113d34c35_m.jpg,[[0. 0. 0. 1. 0.]]
21899501660_7065d1c1fa_n.jpg,[[0. 0. 0. 1. 0.]]
21984860006_20dfacea1c_m.jpg,[[0. 0. 0. 1. 0.]]
21995435890_e5672244a4_m.jpg,[[0. 0. 0. 1. 0.]]
22183521655_56221bf2a4_n.jpg,[[0. 0. 0. 1. 0.]]
22183529245_ce13557515_m.jpg,[[0. 0. 0. 1. 0.]]
22203670478_9ec5c2700b_n.jpg,[[0. 0. 0. 1. 0.]]
22255608949_172d7c8d22_m.jpg,[[0. 0. 0. 1. 0.]]
22405882322_d4561f8469_n.jpg,[[0. 0. 0. 1. 0.]]
22405887122_75eda1872f_m.jpg,[[0. 0. 0. 1. 0.]]
22416421196_caf131c9fa_m.jpg,[[0. 0. 0. 1. 0.]]
22419079265_8902cddb7d_n.jpg,[[0. 0. 0. 1. 0.]]
22429146402_332fa2fc72_m.jpg,[[0. 0. 0. 1. 0.]]
22429946721_e17a12cb39_n.jpg,[[0. 0. 0. 1. 0.]]
22478719251_276cb094f9_n.jpg,[[0. 0. 0. 1. 0.]]
22686342422_c0b9e2f38e.jpg,[[0. 0. 0. 1. 0.]]
22992257000_76dbc599e7_m.jpg,[[0. 0. 0. 1. 0.]]
2307673262_e1e1aefd29.jpg,[[0. 0. 0. 0. 1.]]
23204123212_ef32fbafbe.jpg,[[0. 0. 0. 1. 0.]]
23247483352_0defc7a6dc_n.jpg,[[0. 0. 0. 1. 0.]]
2328600790_90e2942557_n.jpg,[[0. 0. 0. 1. 0.]]
23286304156_3635f7de05.jpg,[[0. 0. 0. 1. 0.]]
23356825566_f5885875f2.jpg,[[0. 0. 0. 1. 0.]]
235651658_a7b3e7cbdd.jpg,[[0. 0. 0. 1. 0.]]
23645265812_24352ff6bf.jpg,[[0. 0. 0. 1. 0.]]
23894449029_bf0f34d35d_n.jpg,[[0. 0. 0. 1. 0.]]
2425164088_4a5d2cdf21_n.jpg,[[0. 0. 0. 1. 0.]]
244074259_47ce6d3ef9.jpg,[[0. 0. 0. 1. 0.]]
2442985637_8748180f69.jpg,[[0. 0. 0. 1. 0.]]
2443095419_17b920d155_m.jpg,[[0. 0. 0. 1. 0.]]
2443921986_d4582c123a.jpg,[[0. 0. 0. 1. 0.]]
24459548_27a783feda.jpg,[[0. 0. 0. 1. 0.]]
24459750_eb49f6e4cb_m.jpg,[[0. 0. 0. 1. 0.]]
253586685_ee5b5f5232.jpg,[[0. 0. 0. 1. 0.]]
2575272111_f04d79b9af_n.jpg,[[0. 0. 0. 1. 0.]]
2588234269_c4bfd0d8b9_n.jpg,[[0. 0. 0. 1. 0.]]
2588453601_66f2a03cca_n.jpg,[[0. 0. 0. 1. 0.]]
2598973480_07de93e91d_n.jpg,[[0. 0. 0. 1. 0.]]
2619000556_6634478e64_n.jpg,[[0. 0. 0. 1. 0.]]
26254755_1bfc494ef1_n.jpg,[[0. 0. 0. 1. 0.]]
265422922_bbbde781d2_m.jpg,[[0. 0. 0. 1. 0.]]
265450085_6e9f276e2e.jpg,[[0. 0. 0. 1. 0.]]
2678588376_6ca64a4a54_n.jpg,[[0. 0. 0. 1. 0.]]
2689228449_e0be72cf00_n.jpg,[[0. 0. 0. 1. 0.]]
2694860538_b95d60122c_m.jpg,[[0. 0. 0. 1. 0.]]
2697194548_ec8f8de97c_n.jpg,[[0. 0. 0. 1. 0.]]
2706304885_4916102704_n.jpg,[[0. 0. 0. 1. 0.]]
2706736074_b0fba20b3e.jpg,[[0. 0. 0. 1. 0.]]
2720698862_486d3ec079_m.jpg,[[0. 0. 0. 1. 0.]]
2721638730_34a9b7a78b.jpg,[[0. 0. 0. 1. 0.]]
2723995667_31f32294b4.jpg,[[0. 0. 0. 1. 0.]]
2729206569_9dd2b5a3ed.jpg,[[0. 0. 0. 1. 0.]]
2733109082_1351f6738a_n.jpg,[[0. 0. 0. 1. 0.]]
27465811_9477c9d044.jpg,[[0. 0. 0. 1. 0.]]
27466794_57e4fe5656.jpg,[[0. 0. 0. 1. 0.]]
274846229_990e976683_n.jpg,[[0. 0. 0. 1. 0.]]
274848710_5185cf33b1_n.jpg,[[0. 0. 0. 1. 0.]]
2759796022_55bd47bfa2_n.jpg,[[0. 0. 0. 1. 0.]]
2767658405_1e2043f44c_n.jpg,[[0. 0. 0. 1. 0.]]
2767688889_b176b0c3fb.jpg,[[0. 0. 0. 1. 0.]]
2803725948_5fd1f2fc99_n.jpg,[[0. 0. 0. 1. 0.]]
2807106374_f422b5f00c.jpg,[[0. 0. 0. 1. 0.]]
2816256710_a2d3616fae.jpg,[[0. 0. 0. 1. 0.]]
2816503473_580306e772.jpg,[[0. 0. 0. 1. 0.]]
2823659190_afdabee45c.jpg,[[0. 0. 0. 1. 0.]]
28661674053_44f8034570_n.jpg,[[0. 0. 0. 1. 0.]]
28664252816_1f24388ee6_n.jpg,[[0.0000000e+00 0.0000000e+00 1.0000000e+00 0.0000000e+00 2.2106243e-28]]
287233531_74d4605814_m.jpg,[[0. 0. 0. 1. 0.]]
2883115609_5a69357b5d_m.jpg,[[0. 0. 0. 1. 0.]]
2883115621_4837267ea1_m.jpg,[[0. 0. 0. 1. 0.]]
2894191705_a1d2d80c80.jpg,[[0. 0. 0. 1. 0.]]
2895404754_6d9f9416d7_n.jpg,[[0. 0. 0. 1. 0.]]
2927020075_54c9186797_n.jpg,[[0. 0. 0. 1. 0.]]
2940221732_3507f3e927_n.jpg,[[0. 0. 0. 1. 0.]]
29429430522_b7a22cd3df_n.jpg,[[0. 0. 0. 1. 0.]]
2944298800_1984bd4f8a_m.jpg,[[0. 0. 0. 1. 0.]]
2949654221_909b0c86a1_n.jpg,[[0. 0. 0. 1. 0.]]
2950505226_529e013bf7_m.jpg,[[0. 0. 0. 1. 0.]]
2960610406_b61930727f_n.jpg,[[0. 0. 0. 1. 0.]]
29744655960_c0868b43da_n.jpg,[[0. 0. 0. 1. 0.]]
29744656500_f17578f7e3_n.jpg,[[0. 0. 0. 1. 0.]]
2979133707_84aab35b5d.jpg,[[0. 0. 0. 1. 0.]]
2979297519_17a08b37f6_m.jpg,[[0. 0. 0. 1. 0.]]
2980154410_bffd7a3452_n.jpg,[[0. 0. 0. 1. 0.]]
29955482321_2d6269c164_n.jpg,[[1. 0. 0. 0. 0.]]
2996573407_5e473b9359.jpg,[[0. 0. 0. 1. 0.]]
29972905_4cc537ff4b_n.jpg,[[0. 0. 0. 1. 0.]]
3001531316_efae24d37d_n.jpg,[[2.5152083e-30 0.0000000e+00 1.0000000e+00 0.0000000e+00 1.9099133e-35]]
3001533700_1c62fb8b4a_n.jpg,[[0. 0. 0. 1. 0.]]
3001536784_3bfd101b23_n.jpg,[[0. 0. 0. 1. 0.]]
3062794421_295f8c2c4e.jpg,[[0. 0. 0. 1. 0.]]
310380634_60e6c79989.jpg,[[0. 0. 0. 1. 0.]]
3146795631_d062f233c1.jpg,[[0. 0. 0. 1. 0.]]
3154932076_eff5c38231_n.jpg,[[0. 0. 0. 1. 0.]]
3154932290_4bf43bd34f_n.jpg,[[0. 0. 0. 1. 0.]]
3196753837_411b03682d_n.jpg,[[0. 0. 0. 1. 0.]]
3311874685_7b9ef10f7e_m.jpg,[[0. 0. 0. 1. 0.]]
3334350831_f8755a2095_n.jpg,[[0. 0. 0. 1. 0.]]
34312487015_66a635fd71_n.jpg,[[0. 0. 0. 1. 0.]]
34571133752_0a9337993c_n.jpg,[[0. 0. 0. 1. 0.]]
34571252122_b3b1f45fac_n.jpg,[[0. 0. 0. 0. 1.]]
34572755322_b43e90cae2_n.jpg,[[0. 0. 0. 1. 0.]]
3466923719_b4b6df7f8b_n.jpg,[[0. 0. 0. 1. 0.]]
34692938506_efda47f39a_n.jpg,[[0. 0. 0. 0. 1.]]
34695605616_3b05bb1ef5_n.jpg,[[0. 0. 0. 1. 0.]]
3514340206_efb8198a80_n.jpg,[[0. 0. 0. 1. 0.]]
35477171_13cb52115c_n.jpg,[[0. 0. 0. 1. 0.]]
3568114325_d6b1363497.jpg,[[0. 0. 0. 1. 0.]]
3568925290_faf7aec3a0.jpg,[[0. 0. 0. 1. 0.]]
3575811488_a31714472a.jpg,[[0. 0. 0. 1. 0.]]
3594967811_697184b026_n.jpg,[[0. 0. 0. 1. 0.]]
3596902268_049e33a2cb_n.jpg,[[0. 0. 0. 1. 0.]]
3665455426_9cd1c3af4a_n.jpg,[[0. 0. 0. 1. 0.]]
3681233294_4f06cd8903.jpg,[[0. 0. 0. 1. 0.]]
3683873444_be4a609c46.jpg,[[0. 0. 0. 1. 0.]]
3731075939_6c92d7fe68_m.jpg,[[0. 0. 0. 1. 0.]]
3734999477_7f454081aa_n.jpg,[[0. 0. 0. 1. 0.]]
3749090865_b90f28a585_n.jpg,[[0. 0. 0. 1. 0.]]
3749091071_c146b33c74_n.jpg,[[0. 0. 0. 1. 0.]]
3766264038_ea701c7131_n.jpg,[[0. 0. 0. 1. 0.]]
3784815653_5df39aa9c2_m.jpg,[[0. 0. 1. 0. 0.]]
3798841385_38142ea3c6_n.jpg,[[0. 0. 0. 1. 0.]]
3815322974_52c12dbde3.jpg,[[0. 0. 0. 1. 0.]]
3832945398_96509d192b.jpg,[[0. 0. 0. 1. 0.]]
3838274225_36010c6254_n.jpg,[[0. 0. 0. 1. 0.]]
3840761441_7c648abf4d_n.jpg,[[0. 0. 0. 1. 0.]]
3846717708_ea11383ed8.jpg,[[0. 0. 0. 1. 0.]]
3846907701_e13b66aa87.jpg,[[0. 0. 0. 1. 0.]]
3848405800_8eea982c40.jpg,[[0. 0. 0. 1. 0.]]
3858508462_db2b9692d1.jpg,[[0. 0. 0. 1. 0.]]
3865206264_5d81584bba.jpg,[[0. 0. 0. 1. 0.]]
3883895985_bd20198371.jpg,[[0. 0. 0. 1. 0.]]
3884437548_ca8c36be3f_n.jpg,[[0. 0. 0. 1. 0.]]
3888908087_462d0045f2_n.jpg,[[0. 0. 0. 1. 0.]]
3889694330_6f84d123d5_n.jpg,[[0. 0. 0. 1. 0.]]
3889699518_77bf85bf44_n.jpg,[[0. 0. 0. 1. 0.]]
3893436870_034b79d118_n.jpg,[[0. 0. 0. 1. 0.]]
3894586562_5dbbdc4354_n.jpg,[[0. 0. 0. 1. 0.]]
3897174387_07aac6bf5f_n.jpg,[[0. 0. 0. 1. 0.]]
3912497870_a2f91c3a65_n.jpg,[[0. 0. 0. 1. 0.]]
3912497888_e7a5905bc3_n.jpg,[[0. 0. 0. 1. 0.]]
3920137864_e922ab25b4_n.jpg,[[0. 0. 0. 1. 0.]]
3922005347_7b6fb82fcd.jpg,[[0. 0. 0. 1. 0.]]
39271782_b4335d09ae_n.jpg,[[0. 0. 0. 1. 0.]]
3946535195_9382dcb951_n.jpg,[[0. 0. 0. 1. 0.]]
3946535709_78613461cb_n.jpg,[[0. 0. 0. 1. 0.]]
3950020811_dab89bebc0_n.jpg,[[0. 0. 0. 1. 0.]]
3951246342_930138610b_n.jpg,[[0. 0. 0. 1. 0.]]
4019748730_ee09b39a43.jpg,[[0. 0. 0. 1. 0.]]
40410686_272bc66faf_m.jpg,[[0. 0. 0. 1. 0.]]
40410814_fba3837226_n.jpg,[[0. 0. 0. 1. 0.]]
40410963_3ac280f23a_n.jpg,[[0. 0. 0. 1. 0.]]
40411019_526f3fc8d9_m.jpg,[[0. 0. 0. 1. 0.]]
40411100_7fbe10ec0f_n.jpg,[[0.00000e+00 5.19077e-28 0.00000e+00 1.00000e+00 0.00000e+00]]
4042816698_578a1d599e.jpg,[[0. 0. 0. 1. 0.]]
4080112931_cb20b3d51a_n.jpg,[[0. 0. 0. 1. 0.]]
4110787181_f73f12d107_m.jpg,[[0. 0. 0. 1. 0.]]
4160805260_cf758daeae_n.jpg,[[0. 0. 0. 1. 0.]]
417251603_69f0ee57a9_m.jpg,[[0. 0. 0. 1. 0.]]
418056361_1dfac1c151_n.jpg,[[0. 0. 0. 1. 0.]]
4186808407_06688641e2_n.jpg,[[0. 0. 0. 1. 0.]]
4191299785_a4faca9b74_n.jpg,[[0. 0. 0. 1. 0.]]
4235259239_21f2eb4f2e.jpg,[[0. 0. 0. 1. 0.]]
4271193206_666ef60aa0_m.jpg,[[0. 0. 0. 1. 0.]]
4341530649_c17bbc5d01.jpg,[[0. 0. 0. 1. 0.]]
4398771472_44f2a0c162_n.jpg,[[0. 0. 0. 1. 0.]]
44079668_34dfee3da1_n.jpg,[[0. 0. 0. 1. 0.]]
4414080766_5116e8084e.jpg,[[0. 0. 0. 1. 0.]]
4414081772_8a0e8a1327.jpg,[[0. 0. 0. 1. 0.]]
4414083164_3f285f8ac5.jpg,[[0. 0. 0. 1. 0.]]
4414084638_03d2db38ae.jpg,[[0. 0. 0. 1. 0.]]
4489516263_e49fe82637_n.jpg,[[0. 0. 0. 1. 0.]]
45045003_30bbd0a142_m.jpg,[[0. 0. 0. 1. 0.]]
45045005_57354ee844.jpg,[[0. 0. 0. 1. 0.]]
4528959364_fa544b0f4e_m.jpg,[[0. 0. 0. 1. 0.]]
4623843480_23e3fb8dcc_n.jpg,[[0. 0. 0. 1. 0.]]
4625255191_26e17a28c9_n.jpg,[[0. 0. 0. 1. 0.]]
4626721387_88f89d5cc9_n.jpg,[[0. 0. 0. 1. 0.]]
4664737020_b4c61aacd3_n.jpg,[[0. 0. 0. 1. 0.]]
4664767140_fe01231322_n.jpg,[[0. 0. 0. 1. 0.]]
4673984698_6ec14d5b79.jpg,[[0. 0. 0. 1. 0.]]
4689061249_6498da5013.jpg,[[0. 0. 0. 1. 0.]]
4745980581_a0b7585258_n.jpg,[[0. 0. 0. 1. 0.]]
4745985619_249078cafa_n.jpg,[[0. 0. 0. 1. 0.]]
4745991955_6804568ae0_n.jpg,[[0. 0. 0. 1. 0.]]
4746638094_f5336788a0_n.jpg,[[0. 0. 0. 1. 0.]]
4746643626_02b2d056a2_n.jpg,[[0. 0. 0. 1. 0.]]
4746648726_e37a2de16d_n.jpg,[[0. 0. 0. 1. 0.]]
4746668678_0e2693b1b9_n.jpg,[[0. 0. 0. 1. 0.]]
4755075329_1fccc69d4e.jpg,[[0. 0. 0. 1. 0.]]
4755705724_976621a1e7.jpg,[[0. 0. 0. 1. 0.]]
4794180388_c7b9294aef_n.jpg,[[0. 0. 0. 1. 0.]]
4795924955_202448d8ea_n.jpg,[[0. 0. 0. 1. 0.]]
4798378647_ca199b18c0_n.jpg,[[0. 0. 0. 1. 0.]]
4804434999_bf2187e96a_n.jpg,[[0. 0. 0. 1. 0.]]
4805544785_a63241f6d0_n.jpg,[[0. 0. 0. 1. 0.]]
4806174512_e04475b766_n.jpg,[[0. 0. 0. 1. 0.]]
4813483281_f3707a71e7_n.jpg,[[0. 0. 0. 1. 0.]]
4814106562_7c3564d2d9_n.jpg,[[0. 0. 0. 1. 0.]]
4816636411_0135bfe2c9_n.jpg,[[0. 0. 0. 1. 0.]]
4818994715_9d90527d18_n.jpg,[[0. 0. 0. 1. 0.]]
4821232343_7e0bcfbfdf_n.jpg,[[0. 0. 0. 1. 0.]]
4823873762_5f79b0c656_n.jpg,[[0. 0. 0. 1. 0.]]
4831577091_f56157a5d5_n.jpg,[[0. 0. 0. 1. 0.]]
4846786944_2832c5c8b8.jpg,[[0. 0. 0. 1. 0.]]
4847062576_bae870479c_n.jpg,[[0. 0. 0. 1. 0.]]
4848279231_c4960e28b2_n.jpg,[[0. 0. 0. 1. 0.]]
4868595281_1e58083785.jpg,[[0. 0. 0. 1. 0.]]
4869189730_f47c124cda_n.jpg,[[0. 0. 0. 1. 0.]]
4871455214_8b5fb87ab6_n.jpg,[[0. 0. 0. 1. 0.]]
4872284527_ff52128b97.jpg,[[0. 0. 0. 1. 0.]]
4872892690_52dc25b0b4.jpg,[[0. 0. 0. 1. 0.]]
4877195645_791c3a83b9_m.jpg,[[0. 0. 0. 1. 0.]]
4878447831_e904c60cf8_n.jpg,[[0. 0. 0. 1. 0.]]
4890268276_563f40a193.jpg,[[0. 0. 0. 1. 0.]]
4893660821_eb7f02bef3_n.jpg,[[0. 0. 0. 1. 0.]]
4895122831_83db2ba2d0_n.jpg,[[0. 0. 0. 1. 0.]]
4895124535_11a2bb704c_m.jpg,[[0. 0. 0. 1. 0.]]
4895718876_0246882882_n.jpg,[[0. 0. 0. 1. 0.]]
4895719476_bd3b6bd6fd_n.jpg,[[0. 0. 0. 1. 0.]]
4895720722_8247f2015b_n.jpg,[[0. 0. 0. 1. 0.]]
4895721242_89014e723c_n.jpg,[[0. 0. 0. 1. 0.]]
4895721788_f10208ab77_n.jpg,[[0. 0. 0. 1. 0.]]
4902448474_6850b85765_n.jpg,[[0. 0. 0. 1. 0.]]
4914793782_d0ea760791.jpg,[[0. 0. 0. 1. 0.]]
4932143849_018486cbf7.jpg,[[0. 0. 0. 1. 0.]]
4932144003_cbffc89bf0.jpg,[[0. 0. 0. 1. 0.]]
4932735362_6e1017140f.jpg,[[0. 0. 0. 1. 0.]]
4932735566_2327bf319a.jpg,[[0. 0. 0. 1. 0.]]
4932736136_0115955987.jpg,[[0. 0. 0. 1. 0.]]
4932736308_827012cff2.jpg,[[0. 0. 0. 1. 0.]]
4933228903_9ae82d0b9d.jpg,[[0. 0. 0. 1. 0.]]
4933229357_1c5cc03f65_m.jpg,[[0. 0. 0. 1. 0.]]
4933823194_33f6e32c5a.jpg,[[0. 0. 0. 1. 0.]]
4940287066_385afd9c18_m.jpg,[[0. 0. 0. 1. 0.]]
4942258704_c4146b710a_n.jpg,[[0. 0. 0. 1. 0.]]
4977385375_e271e282f9.jpg,[[0. 0. 0. 1. 0.]]
4980406384_791774d953.jpg,[[0. 0. 0. 1. 0.]]
4989952542_35f2cdd5e2_n.jpg,[[0. 0. 0. 1. 0.]]
5004121118_e9393e60d0_n.jpg,[[0. 0. 0. 1. 0.]]
5007598545_90e08e81c1_n.jpg,[[0. 0. 0. 1. 0.]]
5015462205_440898fe41_n.jpg,[[0. 0. 0. 1. 0.]]
5018120483_cc0421b176_m.jpg,[[0. 0. 0. 1. 0.]]
5020805135_1219d7523d.jpg,[[0. 0. 0. 1. 0.]]
5020805619_6c710793f7.jpg,[[0. 0. 0. 1. 0.]]
5025805406_033cb03475_n.jpg,[[0. 0. 0. 1. 0.]]
5027895361_ace3b731e5_n.jpg,[[0. 0. 0. 1. 0.]]
5028817729_f04d32bac8_n.jpg,[[0. 0. 0. 1. 0.]]
5032376020_2ed312306c.jpg,[[0. 0. 0. 1. 0.]]
5037531593_e2daf4c7f1.jpg,[[0. 0. 0. 1. 0.]]
5037790727_57c527494f.jpg,[[0. 0. 0. 1. 0.]]
5042785753_392cc4e74d_n.jpg,[[0. 0. 0. 1. 0.]]
5043404000_9bc16cb7e5_m.jpg,[[0. 0. 0. 1. 0.]]
5043409092_5b12cc985a_m.jpg,[[0. 0. 0. 1. 0.]]
5043409856_395300dbe5_m.jpg,[[0. 0. 0. 1. 0.]]
5067864967_19928ca94c_m.jpg,[[0. 0. 0. 1. 0.]]
5076821914_c21b58fd4c_m.jpg,[[0. 0. 0. 1. 0.]]
5091281256_648c37d7c1_n.jpg,[[0. 0. 0. 1. 0.]]
50987813_7484bfbcdf.jpg,[[0. 0. 0. 1. 0.]]
5115925320_ed9ca5b2d1_n.jpg,[[0. 0. 0. 1. 0.]]
5139969631_743880e01d_n.jpg,[[0. 0. 0. 1. 0.]]
5139969871_c9046bdaa7_n.jpg,[[0. 0. 0. 1. 0.]]
5139971615_434ff8ed8b_n.jpg,[[0. 0. 0. 1. 0.]]
5139977283_530c508603_n.jpg,[[0. 0. 0. 1. 0.]]
5139977423_d413b23fde_m.jpg,[[0. 0. 0. 1. 0.]]
5139977579_ea2dd6a322_m.jpg,[[0. 0. 0. 1. 0.]]
5180260869_1db7ff98e4_n.jpg,[[0. 0. 0. 1. 0.]]
5180859236_60aa57ff9b_n.jpg,[[0. 0. 0. 1. 0.]]
5180861654_0741222c62_n.jpg,[[0. 0. 0. 1. 0.]]
5223643767_d8beb7e410.jpg,[[0. 0. 0. 1. 0.]]
5231868667_f0baa71feb_n.jpg,[[0. 0. 0. 1. 0.]]
5293283002_9b17f085f7_m.jpg,[[0. 0. 0. 1. 0.]]
5330608174_b49f7a4c48_m.jpg,[[0. 0. 0. 1. 0.]]
5339004958_a0a6f385fd_m.jpg,[[0. 0. 0. 1. 0.]]
5357144886_b78f4782eb.jpg,[[0. 0. 0. 1. 0.]]
5437996076_cf7e2ac32e_n.jpg,[[0. 0. 0. 1. 0.]]
5492906452_80943bfd04.jpg,[[0. 0. 0. 1. 0.]]
5526324308_b333da0e57_n.jpg,[[0. 0. 0. 1. 0.]]
5556633113_0a04f5ed8a_n.jpg,[[0. 0. 0. 1. 0.]]
5738580862_e128192f75.jpg,[[0. 0. 0. 1. 0.]]
5830614551_e460a1215c.jpg,[[0. 0. 0. 1. 0.]]
58636535_bc53ef0a21_m.jpg,[[0. 0. 0. 1. 0.]]
5896354497_6a19162741.jpg,[[0. 0. 0. 1. 0.]]
5917253022_4e3142d48b_n.jpg,[[0. 0. 0. 1. 0.]]
5923085671_f81dd1cf6f.jpg,[[0. 0. 0. 1. 0.]]
5923085891_27617463fe.jpg,[[0. 0. 0. 1. 0.]]
5923649444_a823e534e9.jpg,[[0. 0. 0. 1. 0.]]
5927432662_3ffd2461c2_n.jpg,[[0. 0. 0. 1. 0.]]
5933438337_b26a81ea81_n.jpg,[[0. 0. 0. 1. 0.]]
5933438461_7607cf06e2_n.jpg,[[0. 0. 0. 1. 0.]]
5933438547_0dea1fddd6_n.jpg,[[0. 0. 0. 1. 0.]]
5937355165_1dc7b2cbf9_n.jpg,[[0. 0. 0. 1. 0.]]
5937914300_bfca430439_n.jpg,[[0. 0. 0. 1. 0.]]
5951665793_8ae4807cbd_n.jpg,[[0. 0. 0. 1. 0.]]
5952223760_85972671d6_n.jpg,[[0. 0. 0. 1. 0.]]
5955475577_3d923874d9_n.jpg,[[0. 0. 0. 1. 0.]]
5955500463_6c08cb199e.jpg,[[0. 0. 0. 1. 0.]]
5955501969_e42f038a6f_n.jpg,[[0. 0. 0. 1. 0.]]
5956626941_2885465093_n.jpg,[[0. 0. 0. 1. 0.]]
5956627065_075880a1cc_n.jpg,[[0. 0. 0. 1. 0.]]
5956627147_4d51393479_n.jpg,[[0. 0. 0. 1. 0.]]
5957007921_62333981d2_n.jpg,[[0. 0. 0. 1. 0.]]
5957186948_b2afd80d70_n.jpg,[[0. 0. 0. 1. 0.]]
5963905278_6a8efc6b27_n.jpg,[[0. 0. 0. 1. 0.]]
5966729883_67f4fede93.jpg,[[0. 0. 0. 1. 0.]]
5967283168_90dd4daf28_n.jpg,[[0. 0. 0. 1. 0.]]
5967284308_85714d8cf7_m.jpg,[[0. 0. 0. 1. 0.]]
5970300143_36b42437de_n.jpg,[[0. 0. 0. 1. 0.]]
5970301989_fe3a68aac8_m.jpg,[[0. 0. 0. 1. 0.]]
5970868068_fe1c8b282e_n.jpg,[[0. 0. 0. 1. 0.]]
5970869550_d7d9fabebd_n.jpg,[[0. 0. 0. 1. 0.]]
5973935729_2868f2db1f_n.jpg,[[0. 0. 0. 1. 0.]]
5979111025_3bcae48ae6_n.jpg,[[0. 0. 0. 1. 0.]]
5979111199_495884b578_n.jpg,[[0. 0. 0. 1. 0.]]
5979111555_61b400c070_n.jpg,[[0. 0. 0. 1. 0.]]
5979668702_fdaec9e164_n.jpg,[[0. 0. 0. 1. 0.]]
5979669004_d9736206c9_n.jpg,[[0. 0. 0. 1. 0.]]
5991628433_e1d853e40d_n.jpg,[[0. 0. 0. 1. 0.]]
5994569021_749d5e2da3_n.jpg,[[0. 0. 0. 1. 0.]]
5994572653_ea98afa3af_n.jpg,[[0. 0. 0. 1. 0.]]
5994586159_1dd99d66b4_n.jpg,[[0. 0. 0. 1. 0.]]
5995136822_8e1eed76f5_n.jpg,[[0. 0. 0. 1. 0.]]
5998488415_a6bacd9f83.jpg,[[0. 0. 0. 1. 0.]]
5999024446_5721493894.jpg,[[0. 0. 0. 1. 0.]]
6002598514_22a9a404c7_n.jpg,[[0. 0. 0. 1. 0.]]
6042014768_b57f0bfc79_n.jpg,[[0. 0. 0. 1. 0.]]
6050020905_881295ac72_n.jpg,[[0. 0. 0. 1. 0.]]
6053739964_a1d9ab3ed1_n.jpg,[[0. 0. 0. 1. 0.]]
6056460102_f5569092a6_n.jpg,[[0. 0. 0. 1. 0.]]
6061175433_95fdb12f32_n.jpg,[[0. 0. 0. 1. 0.]]
6061177447_d8ce96aee0.jpg,[[0. 0. 0. 1. 0.]]
6074427492_1b5bab7848_n.jpg,[[0. 0. 0. 1. 0.]]
6080086410_17a02dcfb8.jpg,[[0. 0. 0. 1. 0.]]
6104713425_8a3277e34a.jpg,[[0. 0. 0. 1. 0.]]
6112510436_9fe06e695a_n.jpg,[[0. 0. 0. 1. 0.]]
6113021380_7546bf7ac7_n.jpg,[[0. 0. 0. 1. 0.]]
6116210027_61923f4b64.jpg,[[0. 0. 0. 1. 0.]]
6122711533_2c219f0392_n.jpg,[[0. 0. 0. 1. 0.]]
6125761554_4e72819ce4_m.jpg,[[0. 0. 0. 1. 0.]]
6133988570_9dc778e622_m.jpg,[[0. 0. 0. 1. 0.]]
6140661443_bb48344226.jpg,[[0. 0. 0. 1. 0.]]
6140693467_211a135b6d.jpg,[[0. 0. 0. 1. 0.]]
6140808687_88df0fd733.jpg,[[0. 0. 0. 1. 0.]]
6140892289_92805cc590.jpg,[[0. 0. 0. 1. 0.]]
6141150299_b46a64e4de.jpg,[[0. 0. 0. 1. 0.]]
6141199476_9b6d383fd9.jpg,[[0. 0. 0. 1. 0.]]
6145005439_ef6e07f9c6_n.jpg,[[0. 0. 0. 1. 0.]]
6166888942_7058198713_m.jpg,[[0. 0. 0. 1. 0.]]
6198569425_e953b9e6cc_m.jpg,[[0. 0. 0. 1. 0.]]
6198569587_23c3693328_m.jpg,[[0. 0. 0. 1. 0.]]
6199086734_b7ddc65816_m.jpg,[[0. 0. 0. 1. 0.]]
6204049536_1ac4f09232_n.jpg,[[0. 0. 0. 1. 0.]]
6239758929_50e5e5a476_m.jpg,[[0. 0. 0. 1. 0.]]
6250692311_cb60c85ee9_n.jpg,[[0. 0. 0. 1. 0.]]
6265084065_7a8b30cc6e_n.jpg,[[0. 0. 0. 1. 0.]]
6482016425_d8fab362f6.jpg,[[0. 0. 0. 1. 0.]]
6482016439_b0d06dac04.jpg,[[0. 0. 0. 1. 0.]]
6495554833_86eb8faa8e_n.jpg,[[0. 0. 0. 1. 0.]]
6495559397_61d01c0c57.jpg,[[0. 0. 0. 1. 0.]]
6606741847_f0198d83ff.jpg,[[0. 0. 0. 1. 0.]]
6606743797_c90c669757.jpg,[[0. 0. 0. 1. 0.]]
6606746467_a668c8d417.jpg,[[0. 0. 0. 1. 0.]]
6606749757_b98a4ba403.jpg,[[0. 0. 0. 1. 0.]]
6606753075_72ee32aa30_m.jpg,[[0. 0. 0. 1. 0.]]
6606806621_5267acdd38.jpg,[[0. 0. 0. 1. 0.]]
6606809995_edee55b770_m.jpg,[[0. 0. 0. 1. 0.]]
6606813305_c992231d29_m.jpg,[[0. 0. 0. 1. 0.]]
6606815161_3c4372760f.jpg,[[0. 0. 0. 1. 0.]]
6606817351_10f6e43a09.jpg,[[0. 0. 0. 1. 0.]]
6606820461_952c450f90_n.jpg,[[0. 0. 0. 1. 0.]]
6606823367_e89dc52a95_n.jpg,[[0. 0. 0. 1. 0.]]
6627521877_6e43fb3c49_m.jpg,[[0. 0. 0. 1. 0.]]
678714585_addc9aaaef.jpg,[[0. 0. 0. 1. 0.]]
6866250080_ae80df0cd5_m.jpg,[[0. 0. 0. 1. 0.]]
6908789145_814d448bb1_n.jpg,[[0. 0. 0. 1. 0.]]
6953297_8576bf4ea3.jpg,[[0. 0. 0. 1. 0.]]
6958724008_12259943a7.jpg,[[0. 0. 0. 1. 0.]]
7012364067_5ffc7654c9_m.jpg,[[0. 0. 0. 1. 0.]]
7012366081_019c8a17a4_m.jpg,[[0. 0. 0. 1. 0.]]
7176723954_e41618edc1_n.jpg,[[0. 0. 0. 1. 0.]]
7176729016_d73ff2211e.jpg,[[0. 0. 0. 1. 0.]]
7176729812_7c053921fb_m.jpg,[[0. 0. 0. 1. 0.]]
7176736574_14446539cb_n.jpg,[[0. 0. 0. 1. 0.]]
7270375648_79f0caef42_n.jpg,[[0. 0. 0. 1. 0.]]
7369484298_332f69bd88_n.jpg,[[0. 0. 0. 1. 0.]]
7492109308_bbbb982ebe_n.jpg,[[0. 0. 0. 1. 0.]]
7510240282_87554c7418_n.jpg,[[0. 0. 0. 1. 0.]]
7510262868_cf7d6f6f25_n.jpg,[[0.0000000e+00 1.0000000e+00 0.0000000e+00 2.3604287e-33 0.0000000e+00]]
7510285306_ba8f80c382_n.jpg,[[0. 0. 0. 1. 0.]]
7581713708_8eae6794f2.jpg,[[0. 0. 0. 1. 0.]]
7586498522_4dcab1c8d2_m.jpg,[[0. 0. 0. 1. 0.]]
7603036176_9e8967cd21.jpg,[[0. 0. 0. 1. 0.]]
7652532108_01ef94c476.jpg,[[0. 0. 0. 1. 0.]]
7654774598_6b715a8d3e.jpg,[[0. 0. 0. 1. 0.]]
7721658400_0dec46d225.jpg,[[0. 0. 0. 1. 0.]]
7728953426_abd179ab63.jpg,[[0. 0. 0. 1. 0.]]
7791014076_07a897cb85_n.jpg,[[0. 0. 0. 1. 0.]]
7804213238_1d92ae5edb_m.jpg,[[0. 0. 0. 1. 0.]]
7820305664_82148f3bfb_n.jpg,[[0. 0. 0. 1. 0.]]
7820398908_4316bbba45.jpg,[[0. 0. 0. 1. 0.]]
7820523050_76c8caa025.jpg,[[0. 0. 0. 1. 0.]]
7820626738_3be6a52e4e_n.jpg,[[0. 0. 0. 1. 0.]]
7857605684_fc86440c23.jpg,[[0. 0. 0. 1. 0.]]
7935826214_9b57628203_m.jpg,[[0. 0. 0. 1. 0.]]
8014734302_65c6e83bb4_m.jpg,[[0. 0. 0. 1. 0.]]
8014735546_3db46bb1fe_n.jpg,[[0. 0. 0. 1. 0.]]
8021568040_f891223c44_n.jpg,[[0. 0. 0. 1. 0.]]
8038712786_5bdeed3c7f_m.jpg,[[0. 0. 0. 1. 0.]]
8041242566_752def876e_n.jpg,[[0. 0. 0. 1. 0.]]
8071460469_a7c2c34b97_n.jpg,[[0. 0. 0. 1. 0.]]
8081530919_c882d46bb0_n.jpg,[[0. 0. 0. 1. 0.]]
8174935013_b16626b49b.jpg,[[0. 0. 0. 1. 0.]]
8174935717_d19367d502.jpg,[[0. 0. 0. 1. 0.]]
8174941335_56389b53e9_n.jpg,[[0. 0. 0. 1. 0.]]
8174970894_7f9a26be7e.jpg,[[0. 0. 0. 1. 0.]]
8174972548_0051c2d431.jpg,[[0. 0. 0. 1. 0.]]
8192234807_fed4a46f1a_n.jpg,[[0. 0. 0. 1. 0.]]
8202034834_ee0ee91e04_n.jpg,[[0. 0. 0. 1. 0.]]
821368661_4ab4343f5a.jpg,[[0. 0. 0. 1. 0.]]
8234846550_fdaf326dbe.jpg,[[0. 0. 0. 1. 0.]]
8249000137_eddfffa380_n.jpg,[[0. 0. 0. 1. 0.]]
8265023280_713f2c69d0_m.jpg,[[0. 0. 0. 1. 0.]]
8266310743_02095e782d_m.jpg,[[0. 0. 0. 1. 0.]]
8292914969_4a76608250_m.jpg,[[0. 0. 0. 1. 0.]]
8368015811_2893411cf7_n.jpg,[[0. 0. 0. 1. 0.]]
8433716268_8b7b4083bc_n.jpg,[[0. 0. 0. 1. 0.]]
8478248531_1a16e232b5.jpg,[[0. 0. 0. 1. 0.]]
8480886751_71d88bfdc0_n.jpg,[[0. 0. 0. 1. 0.]]
8481979626_98c9f88848_n.jpg,[[0. 0. 0. 1. 0.]]
8543642705_b841b0e5f6.jpg,[[0. 0. 0. 1. 0.]]
8563099326_8be9177101.jpg,[[0. 0. 0. 1. 0.]]
857698097_8068a2c135_n.jpg,[[0. 0. 0. 1. 0.]]
864957037_c75373d1c5.jpg,[[0. 0. 0. 1. 0.]]
8705462313_4458d64cd4.jpg,[[0. 0. 0. 1. 0.]]
877083343_e3338c4125.jpg,[[0. 0. 0. 1. 0.]]
8928614683_6c168edcfc.jpg,[[0. 0. 0. 1. 0.]]
8928658373_fdca5ff1b8.jpg,[[0. 0. 0. 1. 0.]]
8929213942_5544191250_n.jpg,[[0. 0. 0. 1. 0.]]
8929274876_17efc1774a_n.jpg,[[0. 0. 0. 1. 0.]]
8929288228_6795bcb1fe.jpg,[[0. 0. 0. 1. 0.]]
8935252770_263d682fe8_n.jpg,[[0. 0. 0. 1. 0.]]
9056495873_66e351b17c_n.jpg,[[0. 1. 0. 0. 0.]]
9111896677_ff0b6fa6f6_n.jpg,[[0. 0. 0. 1. 0.]]
9206376642_8348ba5c7a.jpg,[[0. 0. 0. 1. 0.]]
9213511121_836a458021_m.jpg,[[0. 0. 0. 1. 0.]]
9216286162_6ceefdd1b4_m.jpg,[[0. 0. 0. 1. 0.]]
9216286876_289a4779f7.jpg,[[0. 0. 0. 1. 0.]]
9231555352_d2dd8f8e68_m.jpg,[[0. 0. 0. 1. 0.]]
9240005603_6a9b71dcea_n.jpg,[[0. 0. 0. 1. 0.]]
9240129413_f240ce7866_n.jpg,[[0. 0. 0. 1. 0.]]
9246304620_768d1f54d7_n.jpg,[[0. 0. 0. 1. 0.]]
9302733302_2cb92cf275.jpg,[[0. 0. 0. 1. 0.]]
9309473873_9d62b9082e.jpg,[[0. 0. 0. 1. 0.]]
9339697826_88c9c4dc50.jpg,[[0. 0. 0. 1. 0.]]
9359374034_21fb12d613_n.jpg,[[0. 0. 0. 1. 0.]]
9375675309_987d32f99e_n.jpg,[[0. 0. 0. 1. 0.]]
9381481549_5a5d503e42_n.jpg,[[0. 0. 0. 1. 0.]]
9384867134_83af458a19_n.jpg,[[0. 0. 0. 1. 0.]]
9399711558_7cb9547cd3_n.jpg,[[0. 0. 0. 1. 0.]]
9400904374_37723396e3_n.jpg,[[0. 0. 0. 1. 0.]]
9410186154_465642ed35.jpg,[[0. 0. 0. 1. 0.]]
9427945592_07a2676945_n.jpg,[[0. 0. 0. 1. 0.]]
9431890901_cd11bda584_n.jpg,[[0. 0. 0. 0. 1.]]
9431896325_23bf6e8761.jpg,[[0. 0. 0. 0. 1.]]
9432335346_e298e47713_n.jpg,[[0. 0. 0. 1. 0.]]
9445830851_e9a126fd1d_n.jpg,[[0. 0. 0. 1. 0.]]
9448615838_04078d09bf_n.jpg,[[0. 0. 0. 1. 0.]]
9460336948_6ae968be93.jpg,[[0. 0. 0. 1. 0.]]
9461693602_710f20904f.jpg,[[0. 0. 0. 1. 0.]]
9479261399_cebfbff670_n.jpg,[[0. 0. 0. 1. 0.]]
9481563239_01b585b41d_n.jpg,[[0. 0. 0. 1. 0.]]
9482209981_bf7bf6022b_m.jpg,[[0. 0. 0. 1. 0.]]
9483429732_5ae73eb672_n.jpg,[[0. 0. 0. 1. 0.]]
9484354480_07ff2ef0a6.jpg,[[0. 0. 0. 1. 0.]]
9485002920_59af6f4cac.jpg,[[0. 0. 0. 1. 0.]]
9491955955_d0b2c83834.jpg,[[0. 0. 0. 1. 0.]]
9497774249_7f5ae70927_m.jpg,[[0. 0. 0. 1. 0.]]
9497774935_a7daec5433_n.jpg,[[0. 0. 0. 1. 0.]]
9511172241_8aee411e2e.jpg,[[0. 0. 0. 1. 0.]]
9535500195_543d0b729b.jpg,[[0. 0. 0. 1. 0.]]
9538283930_0faea083bb_n.jpg,[[0. 0. 0. 1. 0.]]
9555824387_32b151e9b0_m.jpg,[[0. 0. 0. 1. 0.]]
9555827829_74e6f60f1d_m.jpg,[[0. 0. 0. 1. 0.]]
9558627290_353a14ba0b_m.jpg,[[0. 0. 0. 1. 0.]]
9558628596_722c29ec60_m.jpg,[[0. 0. 0. 1. 0.]]
9558630626_52a1b7d702_m.jpg,[[0. 0. 0. 1. 0.]]
9558632814_e78a780f4f.jpg,[[0. 0. 0. 1. 0.]]
9564240106_0577e919da_n.jpg,[[0. 0. 0. 1. 0.]]
9588522189_db6166f67f.jpg,[[0. 0. 0. 1. 0.]]
9599534035_ae4df582b6.jpg,[[0. 0. 0. 1. 0.]]
9610098411_f1613c8e14.jpg,[[0. 0. 0. 1. 0.]]
9610371852_179e7781ce.jpg,[[0. 0. 0. 1. 0.]]
9610373158_5250bce6ac_n.jpg,[[0. 0. 0. 1. 0.]]
9610373748_b9cb67bd55.jpg,[[0. 0. 0. 1. 0.]]
9610374042_bb16cded3d.jpg,[[0. 0. 0. 1. 0.]]
9651392844_77f90589ba_n.jpg,[[0. 0. 0. 1. 0.]]
9655029591_7a77f87500.jpg,[[0. 0. 0. 1. 0.]]
9681915384_b3b646dc92_m.jpg,[[0.0000000e+00 0.0000000e+00 0.0000000e+00 1.0000000e+00 3.0506056e-32]]
969913643_9d5cd2fe45_m.jpg,[[0. 0. 0. 1. 0.]]
9699724719_a8439cc0fd_n.jpg,[[0. 0. 0. 1. 0.]]
9738792160_00cbcc99c8_n.jpg,[[0. 0. 0. 1. 0.]]
9783416751_b2a03920f7_n.jpg,[[0. 0. 0. 1. 0.]]
9825716455_f12bcc8d4e_n.jpg,[[0. 0. 0. 1. 0.]]
9904127656_f76a5a4811_m.jpg,[[0. 0. 0. 1. 0.]]
